{
  "item-states": [
    {
      "folded": false,
      "id": "c7hkgeqShI0aEcNtLqt+PT"
    },
    {
      "folded": false,
      "id": "3bsk2hJHBA544XKKIsklGE"
    },
    {
      "folded": false,
      "id": "12sSrZ3XdKD6tdh3dxFkns"
    },
    {
      "folded": false,
      "id": "886QTP9ZhBbpeMkndW7uWk"
    },
    {
      "folded": false,
      "id": "ccumaRESFIMqdgXEkpf1CY"
    },
    {
      "folded": false,
      "id": "01FYByOOhAIKmlAqf+LkvE"
    },
    {
      "folded": false,
      "id": "1foRlZdYJGVYB/8eKtyjIq"
    },
    {
      "folded": false,
      "id": "23t/heYYFM3ZJGf/0Lw7+f"
    },
    {
      "folded": false,
      "id": "ab4yZNdH1DxLfmxc9Deph1"
    },
    {
      "folded": false,
      "id": "e6jH3yYUxLdIKAoyMeSaYt"
    },
    {
      "folded": false,
      "id": "3945ogbVJGSbdWPoXqmC+F"
    },
    {
      "folded": false,
      "id": "42XwtybgpFa4tJZ4UOpvxY"
    },
    {
      "folded": false,
      "id": "f0ITtGGe1DMrLw7fHGW70x"
    }
  ]
}