{
  "f8e6b000-5643-4b86-9080-aa680ce1f599": {
    "asset": 1505132571252,
    "meta": 1503568668000,
    "relativePath": "image"
  },
  "71561142-4c83-4933-afca-cb7a17f67053": {
    "asset": 1503568668000,
    "meta": 1506158590740,
    "relativePath": "image\\default_btn_disabled.png"
  },
  "e851e89b-faa2-4484-bea6-5c01dd9f06e2": {
    "asset": 1503568668000,
    "meta": 1506158590752,
    "relativePath": "image\\default_btn_normal.png"
  },
  "d81ec8ad-247c-4e62-aa3c-d35c4193c7af": {
    "asset": 1503568668000,
    "meta": 1506158590775,
    "relativePath": "image\\default_panel.png"
  },
  "b43ff3c2-02bb-4874-81f7-f2dea6970f18": {
    "asset": 1503568668000,
    "meta": 1506158590793,
    "relativePath": "image\\default_btn_pressed.png"
  },
  "99170b0b-d210-46f1-b213-7d9e3f23098a": {
    "asset": 1503568668000,
    "meta": 1506158590823,
    "relativePath": "image\\default_progressbar_bg.png"
  },
  "cfef78f1-c8df-49b7-8ed0-4c953ace2621": {
    "asset": 1503568668000,
    "meta": 1506158590833,
    "relativePath": "image\\default_progressbar.png"
  },
  "567dcd80-8bf4-4535-8a5a-313f1caf078a": {
    "asset": 1503568668000,
    "meta": 1506158590861,
    "relativePath": "image\\default_radio_button_off.png"
  },
  "9d60001f-b5f4-4726-a629-2659e3ded0b8": {
    "asset": 1503568668000,
    "meta": 1506158590875,
    "relativePath": "image\\default_radio_button_on.png"
  },
  "4bab67cb-18e6-4099-b840-355f0473f890": {
    "asset": 1503568668000,
    "meta": 1506158590953,
    "relativePath": "image\\default_scrollbar_bg.png"
  },
  "617323dd-11f4-4dd3-8eec-0caf6b3b45b9": {
    "asset": 1503568668000,
    "meta": 1506158590959,
    "relativePath": "image\\default_scrollbar_vertical_bg.png"
  },
  "0291c134-b3da-4098-b7b5-e397edbe947f": {
    "asset": 1503568668000,
    "meta": 1506158591006,
    "relativePath": "image\\default_scrollbar.png"
  },
  "d6d3ca85-4681-47c1-b5dd-d036a9d39ea2": {
    "asset": 1503568668000,
    "meta": 1506158591018,
    "relativePath": "image\\default_scrollbar_vertical.png"
  },
  "0275e94c-56a7-410f-bd1a-fc7483f7d14a": {
    "asset": 1503568668000,
    "meta": 1506158591088,
    "relativePath": "image\\default_sprite_splash.png"
  },
  "6e056173-d285-473c-b206-40a7fff5386e": {
    "asset": 1503568668000,
    "meta": 1506158591095,
    "relativePath": "image\\default_sprite.png"
  },
  "73a0903d-d80e-4e3c-aa67-f999543c08f5": {
    "asset": 1503568668000,
    "meta": 1506158591120,
    "relativePath": "image\\default_toggle_checkmark.png"
  },
  "c25b9d50-c8fc-4d27-beeb-6e7c1f2e5c0f": {
    "asset": 1503568668000,
    "meta": 1506158591128,
    "relativePath": "image\\default_toggle_disabled.png"
  },
  "d29077ba-1627-4a72-9579-7b56a235340c": {
    "asset": 1503568668000,
    "meta": 1506158591148,
    "relativePath": "image\\default_toggle_normal.png"
  },
  "fc09f9bd-2cce-4605-b630-8145ef809ed6": {
    "asset": 1505132478565,
    "meta": 1503568668000,
    "relativePath": "misc"
  },
  "b181c1e4-0a72-4a91-bfb0-ae6f36ca60bd": {
    "asset": 1503568668000,
    "meta": 1506158591159,
    "relativePath": "image\\default_toggle_pressed.png"
  },
  "2be36297-9abb-4fee-8049-9ed5e271da8a": {
    "asset": 1503568668000,
    "meta": 1503568668000,
    "relativePath": "misc\\default_video.mp4"
  },
  "f6e6dd15-71d1-4ffe-ace7-24fd39942c05": {
    "asset": 1505132497977,
    "meta": 1503568668000,
    "relativePath": "obsolete"
  },
  "b8223619-7e38-47c4-841f-9160c232495a": {
    "asset": 1503568668000,
    "meta": 1503568668000,
    "relativePath": "obsolete\\atom.plist"
  },
  "f743d2b6-b7ea-4c14-a55b-547ed4d0a045": {
    "asset": 1505132478634,
    "meta": 1503568668000,
    "relativePath": "particle"
  },
  "b2687ac4-099e-403c-a192-ff477686f4f5": {
    "asset": 1503568668000,
    "meta": 1503568668000,
    "relativePath": "particle\\atom.plist"
  },
  "ae6c6c98-11e4-452f-8758-75f5c6a56e83": {
    "asset": 1505132612572,
    "meta": 1503568668000,
    "relativePath": "prefab"
  },
  "972b9a4d-47ee-4c74-b5c3-61d8a69bc29f": {
    "asset": 1503568668000,
    "meta": 1506158591198,
    "relativePath": "prefab\\button.prefab"
  },
  "2c937608-2562-40ea-b264-7395df6f0cea": {
    "asset": 1503568668000,
    "meta": 1506158591208,
    "relativePath": "prefab\\canvas.prefab"
  },
  "61aeb05b-3b32-452b-8eed-2b76deeed554": {
    "asset": 1503568668000,
    "meta": 1506158591223,
    "relativePath": "prefab\\editbox.prefab"
  },
  "27756ebb-3d33-44b0-9b96-e858fadd4dd4": {
    "asset": 1503568668000,
    "meta": 1506158591233,
    "relativePath": "prefab\\label.prefab"
  },
  "785a442c-3ceb-45be-a46e-7317f625f3b9": {
    "asset": 1503568668000,
    "meta": 1506158591247,
    "relativePath": "prefab\\layout.prefab"
  },
  "ca8401fe-ad6e-41a8-bd46-8e3e4e9945be": {
    "asset": 1503568668000,
    "meta": 1506158591262,
    "relativePath": "prefab\\pageview.prefab"
  },
  "cd33edea-55f5-46c2-958d-357a01384a36": {
    "asset": 1503568668000,
    "meta": 1506158591277,
    "relativePath": "prefab\\particlesystem.prefab"
  },
  "5965ffac-69da-4b55-bcde-9225d0613c28": {
    "asset": 1503568668000,
    "meta": 1506158591291,
    "relativePath": "prefab\\progressBar.prefab"
  },
  "4a37dd57-78cd-4cec-aad4-f11a73d12b63": {
    "asset": 1503568668000,
    "meta": 1506158591313,
    "relativePath": "prefab\\richtext.prefab"
  },
  "32044bd2-481f-4cf1-a656-e2b2fb1594eb": {
    "asset": 1503568668000,
    "meta": 1506158591319,
    "relativePath": "prefab\\scrollview.prefab"
  },
  "0004d1cf-a0ad-47d8-ab17-34d3db9d35a3": {
    "asset": 1503568668000,
    "meta": 1506158591338,
    "relativePath": "prefab\\slider.prefab"
  },
  "1f55e3be-b89b-4b79-88de-47fd31018044": {
    "asset": 1503568668000,
    "meta": 1506158591344,
    "relativePath": "prefab\\sprite_splash.prefab"
  },
  "96083d03-c332-4a3f-9386-d03e2d19e8ee": {
    "asset": 1503568668000,
    "meta": 1506158591361,
    "relativePath": "prefab\\sprite.prefab"
  },
  "7de03a80-4457-438d-95a7-3e7cdffd6086": {
    "asset": 1503568668000,
    "meta": 1506158591368,
    "relativePath": "prefab\\tiledmap.prefab"
  },
  "0d784963-d024-4ea6-a7db-03be0ad63010": {
    "asset": 1503568668000,
    "meta": 1506158591390,
    "relativePath": "prefab\\toggle.prefab"
  },
  "bf0a434c-84dd-4a8e-a08a-7a36f180cc75": {
    "asset": 1503568668000,
    "meta": 1506158591397,
    "relativePath": "prefab\\toggleGroup.prefab"
  },
  "232d2782-c4bd-4bb4-9e01-909f03d6d3b9": {
    "asset": 1503568668000,
    "meta": 1506158591418,
    "relativePath": "prefab\\videoplayer.prefab"
  },
  "8c5001fd-07ee-4a4b-a8a0-63e15195e94d": {
    "asset": 1503568668000,
    "meta": 1506158591424,
    "relativePath": "prefab\\webview.prefab"
  },
  "3e2c62bc-33c2-49d8-b5c5-df0987c9786d": {
    "asset": 1506158564569,
    "meta": 1506156631918,
    "relativePath": "Animation"
  },
  "963c119c-2cbc-4e8c-a5b6-648d1ca1c401": {
    "asset": 1506156734762,
    "meta": 1506158591577,
    "relativePath": "Animation\\Jump.anim"
  },
  "31677906-b177-4e7d-a80f-ab5766d09a09": {
    "asset": 1506157274512,
    "meta": 1506158591582,
    "relativePath": "Animation\\Run.anim"
  },
  "2bff3186-53e6-4432-a4f9-76253b10be04": {
    "asset": 1506158564580,
    "meta": 1506157459862,
    "relativePath": "Scene"
  },
  "b7147f9f-1e73-445c-bf6d-fa707b475ff7": {
    "asset": 1506158564595,
    "meta": 1506156435894,
    "relativePath": "Texture"
  },
  "90600b66-41ee-4b37-9d8f-ac725fb32d72": {
    "asset": 1506156332933,
    "meta": 1506158591716,
    "relativePath": "Texture\\Hero.plist"
  },
  "f713acd1-0167-4b89-b9d8-933a4beae83b": {
    "asset": 1506157505230,
    "meta": 1506158591617,
    "relativePath": "Scene\\GameScene.fire"
  },
  "938ecb2f-925e-4d9e-940b-8fb1133d2697": {
    "asset": 1506156332924,
    "meta": 1506158591630,
    "relativePath": "Texture\\Hero.png"
  }
}