{
  "__type__": "cc.SpriteAtlas",
  "_name": "GameUI.plist",
  "_objFlags": 0,
  "_rawFiles": null,
  "_spriteFrames": {
    "GameUI01": {
      "__uuid__": "a9183b3a-685b-4322-a185-fa8e7a040728"
    },
    "GameUI02": {
      "__uuid__": "5b537424-80d5-44c7-9c30-8c55e82bc22c"
    },
    "GameUI03": {
      "__uuid__": "5c04faba-3022-477c-b7d7-d8dda65aade2"
    },
    "GameUI04": {
      "__uuid__": "fd7e60c6-8e72-47fb-971f-dce1630614d8"
    },
    "GameUI05": {
      "__uuid__": "96d5d9e6-6994-428d-be56-5e7ccbcc1398"
    },
    "GameUI06": {
      "__uuid__": "33767216-bb16-43d4-91a6-9c24fc677c33"
    },
    "GameUI07": {
      "__uuid__": "04c88c3f-f2ec-47b1-ab59-0667aaa2b918"
    },
    "GameUI08": {
      "__uuid__": "e364231b-1515-476e-939d-5efde547f6ab"
    },
    "slice01_01": {
      "__uuid__": "25e86da1-37cb-425d-a59d-83aa53f8c8f1"
    },
    "slice02_02": {
      "__uuid__": "a5774bbe-b773-4e38-bc37-d0e9c4d27625"
    },
    "slice04_04": {
      "__uuid__": "6b79f63e-883d-4ea8-bc09-4a6730cd7152"
    },
    "slice23_23": {
      "__uuid__": "e1589310-1fa9-4e77-b041-aa48cbb77855"
    },
    "slice34_34": {
      "__uuid__": "1861775d-b9de-44f6-b416-ca768fc5f7dd"
    },
    "temp": {
      "__uuid__": "fc87e291-9fb4-4843-9c8a-3f4de8fb8c71"
    }
  }
}