{
  "__type__": "cc.SpriteAtlas",
  "_name": "Hero01.plist",
  "_objFlags": 0,
  "_rawFiles": null,
  "_spriteFrames": {
    "slice01_01": {
      "__uuid__": "0dc52ff7-5c49-45de-b45f-5b8bc0c28075"
    },
    "slice02_02": {
      "__uuid__": "04454e85-a6bb-431f-9e13-193cf52eb388"
    },
    "slice03_03": {
      "__uuid__": "cc6555cc-3fe7-4f0a-8c28-f12def7c5675"
    },
    "slice04_04": {
      "__uuid__": "491f9724-7a10-4b75-bee5-c38ff25f5281"
    },
    "slice05_05": {
      "__uuid__": "aaf8f4c3-0332-4fb4-8b3c-ada18534322d"
    },
    "slice06_06": {
      "__uuid__": "b28ef770-6a2c-4457-be64-31e37a3303a6"
    },
    "slice07_07": {
      "__uuid__": "0d1e08a3-ca49-4d7b-98c5-ae08c79a52ea"
    }
  }
}