{
  "f8e6b000-5643-4b86-9080-aa680ce1f599": {
    "asset": 1505132571252,
    "meta": 1503568668000,
    "relativePath": "image"
  },
  "fc09f9bd-2cce-4605-b630-8145ef809ed6": {
    "asset": 1505132478565,
    "meta": 1503568668000,
    "relativePath": "misc"
  },
  "2be36297-9abb-4fee-8049-9ed5e271da8a": {
    "asset": 1503568668000,
    "meta": 1503568668000,
    "relativePath": "misc\\default_video.mp4"
  },
  "f6e6dd15-71d1-4ffe-ace7-24fd39942c05": {
    "asset": 1505132497977,
    "meta": 1503568668000,
    "relativePath": "obsolete"
  },
  "b8223619-7e38-47c4-841f-9160c232495a": {
    "asset": 1503568668000,
    "meta": 1503568668000,
    "relativePath": "obsolete\\atom.plist"
  },
  "f743d2b6-b7ea-4c14-a55b-547ed4d0a045": {
    "asset": 1505132478634,
    "meta": 1503568668000,
    "relativePath": "particle"
  },
  "b2687ac4-099e-403c-a192-ff477686f4f5": {
    "asset": 1503568668000,
    "meta": 1503568668000,
    "relativePath": "particle\\atom.plist"
  },
  "ae6c6c98-11e4-452f-8758-75f5c6a56e83": {
    "asset": 1505132612572,
    "meta": 1503568668000,
    "relativePath": "prefab"
  },
  "b7147f9f-1e73-445c-bf6d-fa707b475ff7": {
    "asset": 1506165526715,
    "meta": 1506156435894,
    "relativePath": "Texture"
  },
  "3e2c62bc-33c2-49d8-b5c5-df0987c9786d": {
    "asset": 1506165432199,
    "meta": 1506156631918,
    "relativePath": "Animation"
  },
  "31677906-b177-4e7d-a80f-ab5766d09a09": {
    "asset": 1506165586325,
    "meta": 1506165586351,
    "relativePath": "Animation\\Run.anim"
  },
  "963c119c-2cbc-4e8c-a5b6-648d1ca1c401": {
    "asset": 1506168157752,
    "meta": 1506168157773,
    "relativePath": "Animation\\Jump.anim"
  },
  "f713acd1-0167-4b89-b9d8-933a4beae83b": {
    "asset": 1506232874559,
    "meta": 1506232874632,
    "relativePath": "Scene\\GameScene.fire"
  },
  "2bff3186-53e6-4432-a4f9-76253b10be04": {
    "asset": 1506157504445,
    "meta": 1506157459862,
    "relativePath": "Scene"
  },
  "a1f2c7f8-acfc-4d2e-baf0-44aebe695ded": {
    "asset": 1506164500788,
    "meta": 1506164500704,
    "relativePath": "Texture\\BackGroup"
  },
  "a594c369-6f1a-4bd5-b1bd-3a886dd0715f": {
    "asset": 1506164449727,
    "meta": 1506164501113,
    "relativePath": "Texture\\BackGroup\\BG2.plist"
  },
  "f4e17b1c-8b33-46d8-b36c-feabaeec2e35": {
    "asset": 1506164449720,
    "meta": 1506164500924,
    "relativePath": "Texture\\BackGroup\\BG2.png"
  },
  "cfd65faa-e20e-41be-b2c0-030573ed0c36": {
    "asset": 1506164464905,
    "meta": 1506164501206,
    "relativePath": "Texture\\BackGroup\\BG3.plist"
  },
  "f3315237-021f-40f4-b6c8-2fb708eda561": {
    "asset": 1506164464899,
    "meta": 1506164500997,
    "relativePath": "Texture\\BackGroup\\BG3.png"
  },
  "fdd16c47-9115-46c7-8083-dc8749068b49": {
    "asset": 1506164870121,
    "meta": 1506164870094,
    "relativePath": "Texture\\GameUI"
  },
  "95579f88-8f62-4333-881b-f35f42b7ef2f": {
    "asset": 1506164867629,
    "meta": 1506164870258,
    "relativePath": "Texture\\GameUI\\GameUI.plist"
  },
  "23c07795-4184-4fdc-bba5-ac8c1963bda1": {
    "asset": 1506164867621,
    "meta": 1506164870214,
    "relativePath": "Texture\\GameUI\\GameUI.png"
  },
  "f21f6e24-0b5c-4413-8c43-881046499451": {
    "asset": 1506165725025,
    "meta": 1506165725049,
    "relativePath": "Animation\\Roll.anim"
  },
  "90600b66-41ee-4b37-9d8f-ac725fb32d72": {
    "asset": 1506165526722,
    "meta": 1506165529739,
    "relativePath": "Texture\\Hero.plist"
  },
  "938ecb2f-925e-4d9e-940b-8fb1133d2697": {
    "asset": 1506165526714,
    "meta": 1506165529581,
    "relativePath": "Texture\\Hero.png"
  },
  "94235b71-9799-45c8-8de3-2f17d3d266b5": {
    "asset": 1506166576713,
    "meta": 1506165758803,
    "relativePath": "Script"
  },
  "e851e89b-faa2-4484-bea6-5c01dd9f06e2": {
    "asset": 1503568668000,
    "meta": 1506215204879,
    "relativePath": "image\\default_btn_normal.png"
  },
  "71561142-4c83-4933-afca-cb7a17f67053": {
    "asset": 1503568668000,
    "meta": 1506215204889,
    "relativePath": "image\\default_btn_disabled.png"
  },
  "b43ff3c2-02bb-4874-81f7-f2dea6970f18": {
    "asset": 1503568668000,
    "meta": 1506215204912,
    "relativePath": "image\\default_btn_pressed.png"
  },
  "d81ec8ad-247c-4e62-aa3c-d35c4193c7af": {
    "asset": 1503568668000,
    "meta": 1506215204925,
    "relativePath": "image\\default_panel.png"
  },
  "99170b0b-d210-46f1-b213-7d9e3f23098a": {
    "asset": 1503568668000,
    "meta": 1506215204945,
    "relativePath": "image\\default_progressbar_bg.png"
  },
  "cfef78f1-c8df-49b7-8ed0-4c953ace2621": {
    "asset": 1503568668000,
    "meta": 1506215204959,
    "relativePath": "image\\default_progressbar.png"
  },
  "567dcd80-8bf4-4535-8a5a-313f1caf078a": {
    "asset": 1503568668000,
    "meta": 1506215204987,
    "relativePath": "image\\default_radio_button_off.png"
  },
  "9d60001f-b5f4-4726-a629-2659e3ded0b8": {
    "asset": 1503568668000,
    "meta": 1506215204994,
    "relativePath": "image\\default_radio_button_on.png"
  },
  "617323dd-11f4-4dd3-8eec-0caf6b3b45b9": {
    "asset": 1503568668000,
    "meta": 1506215205014,
    "relativePath": "image\\default_scrollbar_vertical_bg.png"
  },
  "4bab67cb-18e6-4099-b840-355f0473f890": {
    "asset": 1503568668000,
    "meta": 1506215205022,
    "relativePath": "image\\default_scrollbar_bg.png"
  },
  "d6d3ca85-4681-47c1-b5dd-d036a9d39ea2": {
    "asset": 1503568668000,
    "meta": 1506215205051,
    "relativePath": "image\\default_scrollbar_vertical.png"
  },
  "0291c134-b3da-4098-b7b5-e397edbe947f": {
    "asset": 1503568668000,
    "meta": 1506215205069,
    "relativePath": "image\\default_scrollbar.png"
  },
  "0275e94c-56a7-410f-bd1a-fc7483f7d14a": {
    "asset": 1503568668000,
    "meta": 1506215205077,
    "relativePath": "image\\default_sprite_splash.png"
  },
  "6e056173-d285-473c-b206-40a7fff5386e": {
    "asset": 1503568668000,
    "meta": 1506215205091,
    "relativePath": "image\\default_sprite.png"
  },
  "73a0903d-d80e-4e3c-aa67-f999543c08f5": {
    "asset": 1503568668000,
    "meta": 1506215205101,
    "relativePath": "image\\default_toggle_checkmark.png"
  },
  "d29077ba-1627-4a72-9579-7b56a235340c": {
    "asset": 1503568668000,
    "meta": 1506215205117,
    "relativePath": "image\\default_toggle_normal.png"
  },
  "c25b9d50-c8fc-4d27-beeb-6e7c1f2e5c0f": {
    "asset": 1503568668000,
    "meta": 1506215205125,
    "relativePath": "image\\default_toggle_disabled.png"
  },
  "972b9a4d-47ee-4c74-b5c3-61d8a69bc29f": {
    "asset": 1503568668000,
    "meta": 1506215205141,
    "relativePath": "prefab\\button.prefab"
  },
  "b181c1e4-0a72-4a91-bfb0-ae6f36ca60bd": {
    "asset": 1503568668000,
    "meta": 1506215205154,
    "relativePath": "image\\default_toggle_pressed.png"
  },
  "2c937608-2562-40ea-b264-7395df6f0cea": {
    "asset": 1503568668000,
    "meta": 1506215205165,
    "relativePath": "prefab\\canvas.prefab"
  },
  "61aeb05b-3b32-452b-8eed-2b76deeed554": {
    "asset": 1503568668000,
    "meta": 1506215205178,
    "relativePath": "prefab\\editbox.prefab"
  },
  "27756ebb-3d33-44b0-9b96-e858fadd4dd4": {
    "asset": 1503568668000,
    "meta": 1506215205186,
    "relativePath": "prefab\\label.prefab"
  },
  "785a442c-3ceb-45be-a46e-7317f625f3b9": {
    "asset": 1503568668000,
    "meta": 1506215205192,
    "relativePath": "prefab\\layout.prefab"
  },
  "ca8401fe-ad6e-41a8-bd46-8e3e4e9945be": {
    "asset": 1503568668000,
    "meta": 1506215205207,
    "relativePath": "prefab\\pageview.prefab"
  },
  "cd33edea-55f5-46c2-958d-357a01384a36": {
    "asset": 1503568668000,
    "meta": 1506215205213,
    "relativePath": "prefab\\particlesystem.prefab"
  },
  "5965ffac-69da-4b55-bcde-9225d0613c28": {
    "asset": 1503568668000,
    "meta": 1506215205221,
    "relativePath": "prefab\\progressBar.prefab"
  },
  "4a37dd57-78cd-4cec-aad4-f11a73d12b63": {
    "asset": 1503568668000,
    "meta": 1506215205235,
    "relativePath": "prefab\\richtext.prefab"
  },
  "32044bd2-481f-4cf1-a656-e2b2fb1594eb": {
    "asset": 1503568668000,
    "meta": 1506215205259,
    "relativePath": "prefab\\scrollview.prefab"
  },
  "0004d1cf-a0ad-47d8-ab17-34d3db9d35a3": {
    "asset": 1503568668000,
    "meta": 1506215205266,
    "relativePath": "prefab\\slider.prefab"
  },
  "1f55e3be-b89b-4b79-88de-47fd31018044": {
    "asset": 1503568668000,
    "meta": 1506215205279,
    "relativePath": "prefab\\sprite_splash.prefab"
  },
  "96083d03-c332-4a3f-9386-d03e2d19e8ee": {
    "asset": 1503568668000,
    "meta": 1506215205288,
    "relativePath": "prefab\\sprite.prefab"
  },
  "7de03a80-4457-438d-95a7-3e7cdffd6086": {
    "asset": 1503568668000,
    "meta": 1506215205299,
    "relativePath": "prefab\\tiledmap.prefab"
  },
  "0d784963-d024-4ea6-a7db-03be0ad63010": {
    "asset": 1503568668000,
    "meta": 1506215205319,
    "relativePath": "prefab\\toggle.prefab"
  },
  "bf0a434c-84dd-4a8e-a08a-7a36f180cc75": {
    "asset": 1503568668000,
    "meta": 1506215205337,
    "relativePath": "prefab\\toggleGroup.prefab"
  },
  "232d2782-c4bd-4bb4-9e01-909f03d6d3b9": {
    "asset": 1503568668000,
    "meta": 1506215205346,
    "relativePath": "prefab\\videoplayer.prefab"
  },
  "8c5001fd-07ee-4a4b-a8a0-63e15195e94d": {
    "asset": 1503568668000,
    "meta": 1506215205352,
    "relativePath": "prefab\\webview.prefab"
  },
  "15ec0993-5c2f-4291-8ae4-acd867a74a9c": {
    "asset": 1506230763771,
    "meta": 1506230768128,
    "relativePath": "Texture\\BackGroup\\BG1.plist"
  },
  "9873a030-daa6-4d04-92ae-e698d1924491": {
    "asset": 1506230763759,
    "meta": 1506230768043,
    "relativePath": "Texture\\BackGroup\\BG1.png"
  },
  "c834f219-a81b-4e67-a704-8a3b847b973b": {
    "asset": 1506233081063,
    "meta": 1506233085898,
    "relativePath": "Script\\BaseVIew.js"
  },
  "4aac31a2-9856-4029-8ffd-387f02f1331c": {
    "asset": 1506233122363,
    "meta": 1506233123807,
    "relativePath": "Script\\Defind.js"
  }
}