{
  "__type__": "cc.AnimationClip",
  "_name": "Run",
  "_objFlags": 0,
  "_rawFiles": null,
  "_duration": 1.0909090909090908,
  "sample": 11,
  "speed": 1.5,
  "wrapMode": 2,
  "curveData": {
    "props": {},
    "comps": {
      "cc.Sprite": {
        "spriteFrame": [
          {
            "frame": 0,
            "value": {
              "__uuid__": "46971795-d679-44c4-83ae-8dec8cee5673"
            }
          },
          {
            "frame": 0.09090909090909091,
            "value": {
              "__uuid__": "6c09317f-7761-474b-a71d-fa4c4bbb91bd"
            }
          },
          {
            "frame": 0.18181818181818182,
            "value": {
              "__uuid__": "7b98c463-0ffe-4897-ab3d-55f5e5776e6c"
            }
          },
          {
            "frame": 0.2727272727272727,
            "value": {
              "__uuid__": "5ca03670-c0ae-4ed1-9912-d280da0ddae7"
            }
          },
          {
            "frame": 0.36363636363636365,
            "value": {
              "__uuid__": "928393fc-6d33-49ee-91ba-ab6e3628f24c"
            }
          },
          {
            "frame": 0.45454545454545453,
            "value": {
              "__uuid__": "8b3d3788-2477-4f0d-839e-b0350ad73799"
            }
          },
          {
            "frame": 0.5454545454545454,
            "value": {
              "__uuid__": "d1e54565-b3dc-4673-a5dd-a771748c9e8b"
            }
          },
          {
            "frame": 0.6363636363636364,
            "value": {
              "__uuid__": "bf900110-723b-4bcc-bc57-e0440303733e"
            }
          },
          {
            "frame": 0.7272727272727273,
            "value": {
              "__uuid__": "23c8245d-d99d-408b-b5e6-9da5994f3598"
            }
          },
          {
            "frame": 0.8181818181818182,
            "value": {
              "__uuid__": "ee10c628-01c2-4081-9b48-73e3f2f75852"
            }
          },
          {
            "frame": 0.9090909090909091,
            "value": {
              "__uuid__": "a047fb92-de52-485f-a902-10f7143fa42b"
            }
          },
          {
            "frame": 1,
            "value": {
              "__uuid__": "c57c218e-5f47-473a-9bf7-1a7fffbc769a"
            }
          }
        ]
      }
    }
  },
  "events": []
}