{
  "item-states": [
    {
      "folded": false,
      "id": "mount-assets"
    },
    {
      "folded": false,
      "id": "2bff3186-53e6-4432-a4f9-76253b10be04"
    },
    {
      "folded": false,
      "id": "b7147f9f-1e73-445c-bf6d-fa707b475ff7"
    },
    {
      "folded": false,
      "id": "3e2c62bc-33c2-49d8-b5c5-df0987c9786d"
    },
    {
      "folded": true,
      "id": "938ecb2f-925e-4d9e-940b-8fb1133d2697"
    },
    {
      "folded": true,
      "id": "90600b66-41ee-4b37-9d8f-ac725fb32d72"
    }
  ]
}