{
  "__type__": "cc.SpriteAtlas",
  "_name": "BG3.plist",
  "_objFlags": 0,
  "_rawFiles": null,
  "_spriteFrames": {
    "6": {
      "__uuid__": "46175605-00a6-4aad-b2c9-7fe9a2c43846"
    },
    "7": {
      "__uuid__": "7a612761-1e7b-4d45-bccd-2607b92d1214"
    },
    "8": {
      "__uuid__": "39c1e894-bbf9-4e6e-b1a0-3c8e88685017"
    },
    "9": {
      "__uuid__": "7944d6f5-87a3-48c3-9a1c-8b7cf4391fe2"
    },
    "10": {
      "__uuid__": "57a237ea-1691-48d9-867c-f837df9a6dc7"
    },
    "11": {
      "__uuid__": "48e42ad1-fcb4-431a-a077-3625ec1d4755"
    },
    "12": {
      "__uuid__": "5584072e-8da0-44f5-b18c-119b06735f33"
    },
    "13": {
      "__uuid__": "09d959d8-1655-4999-8499-10bfd401f41a"
    },
    "14": {
      "__uuid__": "a1d8401d-80a1-4e49-b8e6-0f6fd6293ec6"
    }
  }
}