{
  "item-states": [
    {
      "folded": false,
      "id": "1foRlZdYJGVYB/8eKtyjIq"
    },
    {
      "folded": false,
      "id": "23t/heYYFM3ZJGf/0Lw7+f"
    },
    {
      "folded": false,
      "id": "01FYByOOhAIKmlAqf+LkvE"
    },
    {
      "folded": false,
      "id": "ab4yZNdH1DxLfmxc9Deph1"
    },
    {
      "folded": false,
      "id": "bchq2jtV5MWZCRdaxl0x9Y"
    },
    {
      "folded": false,
      "id": "ccumaRESFIMqdgXEkpf1CY"
    },
    {
      "folded": false,
      "id": "42XwtybgpFa4tJZ4UOpvxY"
    },
    {
      "folded": false,
      "id": "f0ITtGGe1DMrLw7fHGW70x"
    },
    {
      "folded": false,
      "id": "3945ogbVJGSbdWPoXqmC+F"
    },
    {
      "folded": false,
      "id": "b8X03ZP6pObrUBwjbvYMFr"
    },
    {
      "folded": false,
      "id": "9f/FAiKs5ImKPNOLO0uvW2"
    },
    {
      "folded": false,
      "id": "292XxbT3pDh6Bpz7giwUOz"
    },
    {
      "folded": false,
      "id": "48DJJGMaBCHZ2TMJS+zdXP"
    },
    {
      "folded": false,
      "id": "a89eikfwpFvZhcBf97c3tH"
    },
    {
      "folded": false,
      "id": "cbI9lqeL9K1pX5V6DFh0Mg"
    },
    {
      "folded": false,
      "id": "7bJ0lOit9Je6ZAnAh6bcXb"
    },
    {
      "folded": false,
      "id": "c0OcPmSgtJerOBc5H9TsHX"
    },
    {
      "folded": false,
      "id": "a1+xgL9DxJTZ+mk3BtcAKy"
    },
    {
      "folded": false,
      "id": "0c+oDR6W9Cob2rpC37KNfN"
    },
    {
      "folded": false,
      "id": "93BB+5yDVDV4IKDi+qPdGJ"
    },
    {
      "folded": false,
      "id": "f6h+5GkCNEe6ppCzj18lAR"
    },
    {
      "folded": false,
      "id": "6e3mu4d8JAlYQth7VZZrFM"
    },
    {
      "folded": false,
      "id": "7eLWibBB5GfKSm4uW2FfL+"
    },
    {
      "folded": false,
      "id": "72xRezpH9C27pKuKwrBFFX"
    },
    {
      "folded": false,
      "id": "90vEA5/cRKf4mjXJoVtZsU"
    },
    {
      "folded": false,
      "id": "c8JZeEidpBSIt4vDQLm7Tf"
    },
    {
      "folded": false,
      "id": "09LD84gAVC9pEzW70d/82r"
    },
    {
      "folded": false,
      "id": "92EwL2HZhIwYS8SDVR81Fi"
    },
    {
      "folded": false,
      "id": "e8aBCXYyJPlb6g04ZYmUh/"
    },
    {
      "folded": false,
      "id": "c4lkCFpTtP2pQ8ATz8KsTj"
    },
    {
      "folded": false,
      "id": "d4+tD9h1BIZq/XnTFtcU4r"
    },
    {
      "folded": false,
      "id": "83aZQQYypA76rGKpoP/Tl7"
    },
    {
      "folded": false,
      "id": "815JguXg1GCa62IvkpSZr7"
    },
    {
      "folded": false,
      "id": "e3UhJmliZND7Pq/2GH7YgS"
    },
    {
      "folded": false,
      "id": "3blFyC72hJM6r4LdDrfppV"
    },
    {
      "folded": false,
      "id": "a3gmt/uIdCVa3lHN+3XZcV"
    },
    {
      "folded": false,
      "id": "73i9bK+3VHYaLqS6MDGDX0"
    },
    {
      "folded": false,
      "id": "c95XrdjQBP+Z0NarI7WlBg"
    },
    {
      "folded": false,
      "id": "29zsPbSDhLjrgVJRQNbD0b"
    },
    {
      "folded": false,
      "id": "c7hkgeqShI0aEcNtLqt+PT"
    },
    {
      "folded": false,
      "id": "3bsk2hJHBA544XKKIsklGE"
    },
    {
      "folded": false,
      "id": "12sSrZ3XdKD6tdh3dxFkns"
    },
    {
      "folded": false,
      "id": "886QTP9ZhBbpeMkndW7uWk"
    }
  ]
}