{
  "__type__": "cc.SpriteAtlas",
  "_name": "GameUI.plist",
  "_objFlags": 0,
  "_rawFiles": null,
  "_spriteFrames": {
    "1": {
      "__uuid__": "f254c133-7b6c-40da-8f80-d72cb17ca3a4"
    },
    "2": {
      "__uuid__": "a8b983f4-7b4b-4e4d-96b7-8a591d273e46"
    },
    "3": {
      "__uuid__": "13bad7e4-ed3d-44fc-aa96-798c4587c856"
    },
    "slice02_02": {
      "__uuid__": "a5774bbe-b773-4e38-bc37-d0e9c4d27625"
    },
    "slice11_11": {
      "__uuid__": "95457211-b708-42fa-80f8-bb896f39e4e6"
    },
    "slice23_23": {
      "__uuid__": "e1589310-1fa9-4e77-b041-aa48cbb77855"
    },
    "slice34_34": {
      "__uuid__": "1861775d-b9de-44f6-b416-ca768fc5f7dd"
    }
  }
}