{
  "__type__": "cc.AnimationClip",
  "_name": "Roll",
  "_objFlags": 0,
  "_rawFiles": null,
  "_duration": 1,
  "sample": 2,
  "speed": 3,
  "wrapMode": 1,
  "curveData": {
    "comps": {
      "cc.Sprite": {
        "spriteFrame": [
          {
            "frame": 0,
            "value": {
              "__uuid__": "f27b4fd4-b549-452b-8913-5618a25c5526"
            }
          },
          {
            "frame": 0.5,
            "value": {
              "__uuid__": "7b67797a-24b8-4bcc-9791-5f0a527f8ecc"
            }
          }
        ]
      }
    }
  },
  "events": []
}