{
  "__type__": "cc.AnimationClip",
  "_name": "Run",
  "_objFlags": 0,
  "_rawFiles": null,
  "_duration": 1,
  "sample": 12,
  "speed": 1,
  "wrapMode": 2,
  "curveData": {
    "props": {},
    "comps": {
      "cc.Sprite": {
        "spriteFrame": [
          {
            "frame": 0,
            "value": {
              "__uuid__": "46971795-d679-44c4-83ae-8dec8cee5673"
            }
          },
          {
            "frame": 0.08333333333333333,
            "value": {
              "__uuid__": "6c09317f-7761-474b-a71d-fa4c4bbb91bd"
            }
          },
          {
            "frame": 0.16666666666666666,
            "value": {
              "__uuid__": "7b98c463-0ffe-4897-ab3d-55f5e5776e6c"
            }
          },
          {
            "frame": 0.25,
            "value": {
              "__uuid__": "5ca03670-c0ae-4ed1-9912-d280da0ddae7"
            }
          },
          {
            "frame": 0.3333333333333333,
            "value": {
              "__uuid__": "928393fc-6d33-49ee-91ba-ab6e3628f24c"
            }
          },
          {
            "frame": 0.4166666666666667,
            "value": {
              "__uuid__": "8b3d3788-2477-4f0d-839e-b0350ad73799"
            }
          },
          {
            "frame": 0.5,
            "value": {
              "__uuid__": "d1e54565-b3dc-4673-a5dd-a771748c9e8b"
            }
          },
          {
            "frame": 0.5833333333333334,
            "value": {
              "__uuid__": "d1e54565-b3dc-4673-a5dd-a771748c9e8b"
            }
          },
          {
            "frame": 0.6666666666666666,
            "value": {
              "__uuid__": "23c8245d-d99d-408b-b5e6-9da5994f3598"
            }
          },
          {
            "frame": 0.75,
            "value": {
              "__uuid__": "ee10c628-01c2-4081-9b48-73e3f2f75852"
            }
          },
          {
            "frame": 0.8333333333333334,
            "value": {
              "__uuid__": "a047fb92-de52-485f-a902-10f7143fa42b"
            }
          },
          {
            "frame": 0.9166666666666666,
            "value": {
              "__uuid__": "c57c218e-5f47-473a-9bf7-1a7fffbc769a"
            }
          }
        ]
      }
    }
  },
  "events": []
}