{
  "__type__": "cc.SpriteAtlas",
  "_name": "GameUI.plist",
  "_objFlags": 0,
  "_rawFiles": null,
  "_spriteFrames": {
    "01_02_02": {
      "__uuid__": "05031727-8477-432b-824e-128b601210d6"
    },
    "01_03_03": {
      "__uuid__": "1e321650-913f-4ce6-af05-e110b767e0e5"
    },
    "01_05_05": {
      "__uuid__": "0cadfbc0-71bd-4877-8cb6-7df7bc5a7a97"
    },
    "01_07_07": {
      "__uuid__": "dfd73849-5626-4051-8c55-8ed10067a140"
    },
    "01_09_09": {
      "__uuid__": "93f85856-ef58-439a-846a-dbe7bf26d76b"
    },
    "01_10_10": {
      "__uuid__": "12b3d4a5-f775-4f8c-b3f3-52557501ccbe"
    },
    "01_12_12": {
      "__uuid__": "e0a51994-e336-4910-aef8-f78d1222e9dc"
    },
    "01_13_13": {
      "__uuid__": "fd4a94f3-8814-4176-8fce-831b4dd7d6e1"
    },
    "01_29_29": {
      "__uuid__": "b479a91d-8b4d-42ee-91d2-7874a8e59e44"
    },
    "01_31_31": {
      "__uuid__": "3f55b3f6-e3ef-4da1-90f4-247becfab291"
    },
    "01_34_34": {
      "__uuid__": "35bcc5d5-0d11-42c5-9008-7f3a480b4dc2"
    },
    "01_35_35": {
      "__uuid__": "b34c69e5-e64c-4e1c-9e5a-df7c977aa595"
    },
    "01_39_39": {
      "__uuid__": "39a8cf1b-30e1-4eb0-b996-f60d580ec034"
    },
    "GameUI01": {
      "__uuid__": "a9183b3a-685b-4322-a185-fa8e7a040728"
    },
    "GameUI02": {
      "__uuid__": "5b537424-80d5-44c7-9c30-8c55e82bc22c"
    },
    "GameUI03": {
      "__uuid__": "5c04faba-3022-477c-b7d7-d8dda65aade2"
    },
    "GameUI04": {
      "__uuid__": "fd7e60c6-8e72-47fb-971f-dce1630614d8"
    },
    "GameUI05": {
      "__uuid__": "96d5d9e6-6994-428d-be56-5e7ccbcc1398"
    },
    "GameUI06": {
      "__uuid__": "33767216-bb16-43d4-91a6-9c24fc677c33"
    },
    "GameUI07": {
      "__uuid__": "04c88c3f-f2ec-47b1-ab59-0667aaa2b918"
    },
    "GameUI08": {
      "__uuid__": "e364231b-1515-476e-939d-5efde547f6ab"
    },
    "GameUI09": {
      "__uuid__": "ce767a78-b8f0-47ab-96e5-d9dc8291e304"
    },
    "GameUI10": {
      "__uuid__": "74ba6902-ff40-4c7f-bfb0-317b8caf32b2"
    },
    "GameUI11": {
      "__uuid__": "e41f44e7-5c86-4721-b6ae-ecef2fca4d00"
    },
    "GameUI12": {
      "__uuid__": "fc421a7e-38c9-4453-890a-04883bcda49d"
    },
    "GameUI13": {
      "__uuid__": "53920d78-5b91-4851-b97a-5464fd6260c5"
    },
    "GameUI14": {
      "__uuid__": "fa6ef234-dbdf-4fdf-9840-ea9f63560ce0"
    },
    "GameUI15": {
      "__uuid__": "258e912e-30e9-4f70-b937-726a63355ab8"
    },
    "slice01_01": {
      "__uuid__": "25e86da1-37cb-425d-a59d-83aa53f8c8f1"
    },
    "slice02_02": {
      "__uuid__": "a5774bbe-b773-4e38-bc37-d0e9c4d27625"
    },
    "slice03_03": {
      "__uuid__": "60fac253-78d9-4ee0-8e07-98fea91334be"
    },
    "slice04_04": {
      "__uuid__": "6b79f63e-883d-4ea8-bc09-4a6730cd7152"
    },
    "slice23_23": {
      "__uuid__": "e1589310-1fa9-4e77-b041-aa48cbb77855"
    },
    "slice34_34": {
      "__uuid__": "1861775d-b9de-44f6-b416-ca768fc5f7dd"
    }
  }
}