{
  "__type__": "cc.SpriteAtlas",
  "_name": "Hero.plist",
  "_objFlags": 0,
  "_rawFiles": null,
  "_spriteFrames": {
    "paoku 00188": {
      "__uuid__": "46971795-d679-44c4-83ae-8dec8cee5673"
    },
    "paoku 00189": {
      "__uuid__": "6c09317f-7761-474b-a71d-fa4c4bbb91bd"
    },
    "paoku 00190": {
      "__uuid__": "7b98c463-0ffe-4897-ab3d-55f5e5776e6c"
    },
    "paoku 00191": {
      "__uuid__": "5ca03670-c0ae-4ed1-9912-d280da0ddae7"
    },
    "paoku 00192": {
      "__uuid__": "928393fc-6d33-49ee-91ba-ab6e3628f24c"
    },
    "paoku 00193": {
      "__uuid__": "8b3d3788-2477-4f0d-839e-b0350ad73799"
    },
    "paoku 00194": {
      "__uuid__": "d1e54565-b3dc-4673-a5dd-a771748c9e8b"
    },
    "paoku 00195": {
      "__uuid__": "bf900110-723b-4bcc-bc57-e0440303733e"
    },
    "paoku 00196": {
      "__uuid__": "23c8245d-d99d-408b-b5e6-9da5994f3598"
    },
    "paoku 00197": {
      "__uuid__": "ee10c628-01c2-4081-9b48-73e3f2f75852"
    },
    "paoku 00198": {
      "__uuid__": "a047fb92-de52-485f-a902-10f7143fa42b"
    },
    "paoku 00199": {
      "__uuid__": "c57c218e-5f47-473a-9bf7-1a7fffbc769a"
    },
    "slice109_@": {
      "__uuid__": "a5474f59-2893-4e88-b982-b1d3b47cc563"
    },
    "slice110_@": {
      "__uuid__": "87272a55-9002-45b1-940a-922663ff7a43"
    },
    "slice111_@": {
      "__uuid__": "62b7db39-30bd-406d-8020-197f272525e4"
    },
    "slice112_@": {
      "__uuid__": "22f331b0-0c80-4e61-b480-89fd4e9ae108"
    },
    "slice113_@": {
      "__uuid__": "00012fc5-8287-4a88-bd61-a4ba82bff4e9"
    },
    "slice86_86": {
      "__uuid__": "7b67797a-24b8-4bcc-9791-5f0a527f8ecc"
    },
    "slice94_94": {
      "__uuid__": "f27b4fd4-b549-452b-8913-5618a25c5526"
    }
  }
}