{
  "item-states": [
    {
      "folded": false,
      "id": "mount-assets"
    },
    {
      "folded": true,
      "id": "2bff3186-53e6-4432-a4f9-76253b10be04"
    },
    {
      "folded": true,
      "id": "b7147f9f-1e73-445c-bf6d-fa707b475ff7"
    },
    {
      "folded": false,
      "id": "3e2c62bc-33c2-49d8-b5c5-df0987c9786d"
    },
    {
      "folded": true,
      "id": "938ecb2f-925e-4d9e-940b-8fb1133d2697"
    },
    {
      "folded": false,
      "id": "90600b66-41ee-4b37-9d8f-ac725fb32d72"
    },
    {
      "folded": true,
      "id": "a1f2c7f8-acfc-4d2e-baf0-44aebe695ded"
    },
    {
      "folded": true,
      "id": "15ec0993-5c2f-4291-8ae4-acd867a74a9c"
    },
    {
      "folded": true,
      "id": "a594c369-6f1a-4bd5-b1bd-3a886dd0715f"
    },
    {
      "folded": true,
      "id": "9873a030-daa6-4d04-92ae-e698d1924491"
    },
    {
      "folded": true,
      "id": "f4e17b1c-8b33-46d8-b36c-feabaeec2e35"
    },
    {
      "folded": true,
      "id": "cfd65faa-e20e-41be-b2c0-030573ed0c36"
    },
    {
      "folded": true,
      "id": "f3315237-021f-40f4-b6c8-2fb708eda561"
    },
    {
      "folded": false,
      "id": "fdd16c47-9115-46c7-8083-dc8749068b49"
    },
    {
      "folded": true,
      "id": "95579f88-8f62-4333-881b-f35f42b7ef2f"
    },
    {
      "folded": true,
      "id": "23c07795-4184-4fdc-bba5-ac8c1963bda1"
    },
    {
      "folded": false,
      "id": "94235b71-9799-45c8-8de3-2f17d3d266b5"
    }
  ]
}