{
  "version": "1.1.1",
  "windows": {
    "main": {
      "main": true,
      "url": "app://editor/index.html",
      "windowType": "dockable",
      "x": 308,
      "y": 199,
      "width": 1280,
      "height": 720,
      "layout": {
        "children": [
          {
            "children": [
              {
                "active": 0,
                "children": [
                  "hierarchy"
                ],
                "height": 299.984375,
                "type": "panel",
                "width": 204
              },
              {
                "active": 0,
                "children": [
                  "assets"
                ],
                "height": 289,
                "type": "panel",
                "width": 204
              }
            ],
            "height": 592,
            "type": "dock-v",
            "width": 204
          },
          {
            "active": 0,
            "children": [
              "inspector"
            ],
            "height": 592,
            "type": "panel",
            "width": 304
          },
          {
            "children": [
              {
                "children": [
                  {
                    "active": 0,
                    "children": [
                      "scene"
                    ],
                    "height": 362.984375,
                    "type": "panel",
                    "width": 536.96875
                  },
                  {
                    "active": 0,
                    "children": [
                      "node-library"
                    ],
                    "height": 362.984375,
                    "type": "panel",
                    "width": 204
                  }
                ],
                "height": 362.984375,
                "type": "dock-h",
                "width": 743.984375
              },
              {
                "active": 1,
                "children": [
                  "console",
                  "timeline"
                ],
                "height": 226,
                "type": "panel",
                "width": 743.984375
              }
            ],
            "height": 592,
            "type": "dock-v",
            "width": 743.984375
          }
        ],
        "type": "dock-h"
      },
      "panels": [
        "inspector",
        "console",
        "hierarchy",
        "assets",
        "scene",
        "node-library",
        "timeline"
      ]
    }
  },
  "panels": {
    "preferences": {
      "x": 672,
      "y": 240,
      "width": 580,
      "height": 565
    }
  }
}